Timestamp (IST),Travel Duration
2025-02-19 23:57:09,29 mins
2025-02-20 08:33:02,42 mins
2025-02-20 09:07:31,48 mins
2025-02-20 09:10:56,48 mins
2025-02-20 09:19:29,45 mins
2025-02-20 09:28:15,46 mins
2025-02-20 10:07:26,44 mins
2025-02-20 10:16:33,46 mins
2025-02-20 10:25:34,44 mins
2025-02-20 10:50:05,47 mins
2025-02-20 11:02:50,47 mins
2025-02-20 11:11:56,47 mins
2025-02-20 11:20:44,48 mins
2025-02-20 11:29:26,50 mins
2025-02-20 12:13:36,50 mins
2025-02-20 12:22:19,49 mins
2025-02-20 12:55:26,47 mins
2025-02-20 16:08:42,45 mins
2025-02-20 16:18:31,45 mins
2025-02-20 16:28:27,47 mins
2025-02-20 16:54:30,50 mins
2025-02-20 17:07:30,51 mins
2025-02-20 17:17:28,49 mins
2025-02-20 17:27:16,48 mins
2025-02-20 18:34:46,51 mins
2025-02-20 19:07:58,51 mins
2025-02-20 19:18:14,54 mins
2025-02-20 19:27:58,51 mins
2025-02-20 20:07:28,44 mins
2025-02-20 20:17:25,43 mins
2025-02-20 20:27:04,43 mins
2025-02-21 08:34:10,40 mins
2025-02-21 09:10:08,42 mins
2025-02-21 09:18:58,41 mins
2025-02-21 09:27:29,41 mins
2025-02-21 10:11:53,40 mins
2025-02-21 10:20:57,42 mins
2025-02-21 10:29:47,41 mins
2025-02-21 11:02:45,42 mins
2025-02-21 11:11:50,45 mins
2025-02-21 11:20:57,46 mins
2025-02-21 11:29:38,46 mins
2025-02-21 12:13:33,45 mins
2025-02-21 12:22:05,45 mins
2025-02-21 12:55:43,44 mins
2025-02-21 16:07:51,50 mins
2025-02-21 16:17:36,51 mins
2025-02-21 16:27:18,53 mins
2025-02-21 16:55:53,57 mins
2025-02-21 17:08:06,56 mins
2025-02-21 17:17:59,55 mins
2025-02-21 17:27:41,53 mins
2025-02-21 18:33:53,57 mins
2025-02-21 19:02:00,57 mins
2025-02-21 19:12:11,55 mins
2025-02-21 19:22:09,52 mins
2025-02-21 20:01:45,49 mins
2025-02-21 20:12:47,47 mins
2025-02-21 20:22:28,48 mins
2025-02-21 21:00:33,43 mins
2025-02-22 08:30:09,31 mins
2025-02-22 09:04:11,33 mins
2025-02-22 09:12:49,32 mins
2025-02-22 09:21:25,34 mins
2025-02-22 09:29:59,34 mins
2025-02-22 10:09:30,34 mins
2025-02-22 10:18:20,35 mins
2025-02-22 10:26:53,36 mins
2025-02-22 11:01:13,40 mins
2025-02-22 11:10:04,41 mins
2025-02-22 11:18:49,42 mins
2025-02-22 11:27:42,42 mins
2025-02-22 12:13:26,43 mins
2025-02-22 12:22:01,45 mins
2025-02-22 12:52:26,43 mins
2025-02-22 16:08:27,45 mins
2025-02-22 16:18:25,46 mins
2025-02-22 16:28:21,45 mins
2025-02-22 16:51:00,48 mins
2025-02-22 17:00:45,49 mins
2025-02-22 17:10:26,45 mins
2025-02-22 17:20:11,45 mins
2025-02-22 17:29:52,45 mins
2025-02-22 18:28:32,46 mins
2025-02-22 18:58:49,48 mins
2025-02-22 19:08:44,48 mins
2025-02-22 19:18:32,46 mins
2025-02-22 19:28:25,45 mins
2025-02-22 20:00:18,46 mins
2025-02-22 20:10:16,45 mins
2025-02-22 20:20:13,46 mins
2025-02-22 20:29:53,43 mins
2025-02-23 00:37:14,30 mins
2025-02-23 08:44:59,29 mins
2025-02-23 09:12:46,29 mins
2025-02-23 09:21:29,30 mins
2025-02-23 09:30:02,29 mins
2025-02-23 10:10:12,32 mins
2025-02-23 10:18:55,32 mins
2025-02-23 10:27:30,32 mins
2025-02-23 11:01:35,34 mins
2025-02-23 11:10:46,33 mins
2025-02-23 11:19:32,34 mins
2025-02-23 11:28:10,34 mins
2025-02-23 12:09:29,35 mins
2025-02-23 12:18:05,35 mins
2025-02-23 12:26:44,37 mins
2025-02-23 16:04:38,37 mins
2025-02-23 16:14:32,37 mins
2025-02-23 16:24:18,37 mins
2025-02-23 16:51:43,37 mins
2025-02-23 17:09:13,37 mins
2025-02-23 17:19:09,36 mins
